City_ID,City,Country,Lat,Lng,Max Temp,Humidity,Cloudiness,Wind Speed,Current Description
0,Ca Mau,VN,9.1769,105.15,88.47,50,35,17.94,scattered clouds
1,Along,IN,28.1667,94.7667,59.45,60,35,1.68,scattered clouds
2,Rikitea,PF,-23.1203,-134.9692,78.08,74,100,18.41,overcast clouds
3,Ushuaia,AR,-54.8,-68.3,42.46,70,75,18.41,broken clouds
4,Chuy,UY,-33.6971,-53.4616,72.16,94,100,7.54,light rain
5,Chifeng,CN,42.2683,118.9636,12.9,36,1,15.7,clear sky
6,Yar-Sale,RU,66.8333,70.8333,-2.74,98,99,5.08,overcast clouds
7,Carauari,BR,-4.8828,-66.8958,73.0,98,74,1.86,heavy intensity rain
8,Sumbe,AO,-11.2061,13.8437,73.63,82,94,4.76,overcast clouds
9,La Ronge,CA,55.1001,-105.2842,-14.58,70,0,10.36,clear sky
10,Soe,ID,-9.8607,124.284,80.31,59,77,8.48,broken clouds
11,Hamilton,US,39.1834,-84.5333,24.98,91,100,4.0,mist
12,Tasiilaq,GL,65.6145,-37.6368,12.36,60,85,6.13,overcast clouds
13,Hobart,AU,-42.8794,147.3294,72.01,47,11,1.01,few clouds
14,Bereda,ES,43.2686,-7.5406,50.0,90,100,2.64,overcast clouds
15,Hilo,US,19.7297,-155.09,74.93,80,100,9.22,overcast clouds
16,Hermanus,ZA,-34.4187,19.2345,60.91,72,100,9.33,overcast clouds
17,Portland,US,45.5234,-122.6762,45.84,93,20,1.01,few clouds
18,Hasaki,JP,35.7333,140.8333,46.29,57,100,8.55,overcast clouds
19,Barrow,US,71.2906,-156.7887,-25.58,68,100,3.44,haze
20,Qaanaaq,GL,77.484,-69.3632,-13.45,56,99,8.46,overcast clouds
21,Punta Arenas,CL,-53.15,-70.9167,42.91,61,75,10.36,broken clouds
22,Skibbereen,IE,51.55,-9.2667,42.12,72,100,15.32,overcast clouds
23,Pangnirtung,CA,66.1451,-65.7125,-13.88,99,100,4.03,light snow
24,Zhongshu,CN,24.5167,103.7667,41.85,90,100,4.0,overcast clouds
25,Cape Town,ZA,-33.9258,18.4232,62.28,72,22,4.0,few clouds
26,Eldorado,BR,-23.7869,-54.2836,76.08,98,100,6.93,overcast clouds
27,Esperance,AU,-33.8667,121.9,79.16,46,2,9.04,clear sky
28,Jamestown,US,42.097,-79.2353,23.09,69,100,10.0,snow
29,Kapaa,US,22.0752,-159.319,76.12,66,0,1.01,clear sky
30,Lincoln,US,40.8,-96.667,12.16,48,0,0.0,clear sky
31,Mataura,NZ,-46.1927,168.8643,52.48,99,100,2.84,light rain
32,Alofi,NU,-19.0595,-169.9187,75.09,94,100,5.75,light intensity shower rain
33,Morehead,US,37.2711,-87.1764,27.99,95,100,3.0,overcast clouds
34,Albany,US,42.6001,-73.9662,38.19,91,100,1.99,snow
35,Castro,BR,-24.7911,-50.0119,64.47,98,100,5.01,overcast clouds
36,Marzuq,YE,14.4,46.4667,57.87,30,5,3.06,clear sky
37,Port Elizabeth,ZA,-33.918,25.5701,66.49,77,0,12.66,clear sky
38,Poso,ID,-1.3959,120.7524,85.3,61,99,3.96,overcast clouds
39,Nikolskoye,RU,59.7035,30.7861,1.29,100,100,2.77,overcast clouds
40,Port Alfred,ZA,-33.5906,26.891,69.89,74,97,15.95,overcast clouds
41,Dese,ET,11.1333,39.6333,48.47,47,46,1.54,scattered clouds
42,Mandalgovi,MN,45.7625,106.2708,8.44,65,63,11.23,broken clouds
43,Busselton,AU,-33.65,115.3333,98.04,33,57,15.95,broken clouds
44,Hervey Bay,AU,-25.2986,152.8535,87.04,70,84,15.99,light rain
45,Mahebourg,MU,-20.4081,57.7,80.26,88,99,21.43,light rain
46,Mar Del Plata,AR,-38.0023,-57.5575,69.1,94,100,0.0,fog
47,Nanortalik,GL,60.1432,-45.2371,26.46,95,100,12.82,snow
48,Kaniama,CD,-7.5667,24.1833,63.48,99,100,2.86,overcast clouds
49,Vila Franca Do Campo,PT,37.7167,-25.4333,59.41,82,100,11.43,overcast clouds
50,Tahara,JP,34.6667,137.2667,49.01,50,64,17.65,broken clouds
51,Phangnga,TH,8.4509,98.5298,86.83,54,10,5.17,clear sky
52,Kungurtug,RU,50.5994,97.5228,-5.94,95,82,1.01,broken clouds
53,Muros,ES,42.7762,-9.0603,53.24,94,100,5.44,overcast clouds
54,Port-Gentil,GA,-0.7193,8.7815,79.63,79,100,6.89,overcast clouds
55,College,US,64.8569,-147.8028,2.86,54,40,9.22,scattered clouds
56,Ambilobe,MG,-13.2,49.05,75.36,93,97,6.93,light rain
57,Victoria,HK,22.2855,114.1577,61.18,77,67,1.99,broken clouds
58,Maneadero,MX,31.7167,-116.5667,52.11,67,0,5.01,clear sky
59,Todos Santos,MX,23.45,-110.2167,67.01,59,14,12.75,few clouds
60,Mount Isa,AU,-20.7333,139.5,83.97,32,100,11.5,overcast clouds
61,Tuktoyaktuk,CA,69.4541,-133.0374,-23.8,76,75,8.05,light snow
62,Usinsk,RU,65.9939,57.5281,14.72,96,100,8.01,overcast clouds
63,Kargasok,RU,59.0556,80.8572,14.79,89,100,13.0,overcast clouds
64,Bethel,US,41.3712,-73.414,48.94,93,100,6.91,light rain
65,Qujing,CN,25.4833,103.7833,45.41,76,100,6.91,overcast clouds
66,Litovko,RU,49.2361,135.1742,-3.64,93,98,0.63,overcast clouds
67,Arraial Do Cabo,BR,-22.9661,-42.0278,75.38,91,100,9.24,overcast clouds
68,Ginda,IN,30.6945,78.4932,34.77,85,98,2.71,overcast clouds
69,Iskateley,RU,67.6803,53.1512,3.92,97,100,3.47,overcast clouds
70,Bluff,NZ,-46.6,168.3333,52.81,84,100,3.29,light rain
71,Cabedelo,BR,-6.9811,-34.8339,79.47,75,99,12.73,overcast clouds
72,Christchurch,NZ,-43.5333,172.6333,64.9,85,75,1.99,light rain
73,Sabzevar,IR,36.2126,57.6819,36.68,65,40,11.5,scattered clouds
74,Saint-Philippe,RE,-21.3585,55.7679,80.15,92,100,32.41,moderate rain
75,Fujisawa,JP,35.3419,139.47,49.15,31,98,8.1,overcast clouds
76,Atuona,PF,-9.8,-139.0333,79.0,72,4,17.02,clear sky
77,Senanga,ZM,-16.1167,23.2667,65.39,95,97,2.48,light rain
78,Eyl,SO,7.9803,49.8164,68.38,73,1,10.11,clear sky
79,Voznesenye,RU,61.0106,35.4781,-10.55,100,100,2.62,overcast clouds
80,Lebu,CL,-37.6167,-73.65,59.52,92,13,13.76,few clouds
81,Cururupu,BR,-1.8283,-44.8683,75.47,90,94,3.51,overcast clouds
82,New Norfolk,AU,-42.7826,147.0587,73.65,35,3,3.0,clear sky
83,Mineiros,BR,-17.5694,-52.5511,68.77,91,95,3.74,overcast clouds
84,Kaitangata,NZ,-46.2817,169.8464,49.05,96,100,2.73,light rain
85,Souillac,MU,-20.5167,57.5167,80.37,87,100,17.09,light rain
86,Kieta,PG,-6.2167,155.6333,80.06,82,100,6.89,overcast clouds
87,Bubaque,GW,11.2833,-15.8333,77.11,71,0,7.07,clear sky
88,Leningradskiy,RU,69.3833,178.4167,-9.36,82,2,7.96,clear sky
89,Kalmunai,LK,7.4167,81.8167,77.11,76,6,3.31,clear sky
90,Chokurdakh,RU,70.6333,147.9167,-27.18,100,67,0.94,broken clouds
91,Deputatskiy,RU,69.3,139.9,-23.64,98,43,1.34,scattered clouds
92,Thompson,CA,55.7435,-97.8558,-20.04,69,0,5.75,clear sky
93,Cockburn Town,TC,21.4612,-71.1419,75.78,70,1,19.84,clear sky
94,Sola,VU,-13.8833,167.55,80.6,78,100,10.71,overcast clouds
95,Haines Junction,CA,60.7522,-137.5108,-0.15,99,100,3.62,light snow
96,Naze,JP,28.3667,129.4833,54.37,74,100,16.96,overcast clouds
97,Champerico,GT,14.3,-91.9167,80.35,69,15,6.62,few clouds
98,Saskylakh,RU,71.9167,114.0833,-15.02,97,100,1.81,overcast clouds
99,Iqaluit,CA,63.7506,-68.5145,-7.87,59,75,6.91,light snow
100,Vao,NC,-22.6667,167.4833,75.15,92,100,5.59,light rain
101,Ponta Do Sol,PT,32.6667,-17.1,67.01,67,25,4.09,scattered clouds
102,Yarada,IN,17.65,83.2667,73.72,88,40,2.3,mist
103,Torbay,CA,47.6666,-52.7314,38.26,89,100,24.16,light rain
104,Fuling,CN,29.7022,107.3919,50.04,57,90,0.74,overcast clouds
105,Marsa Matruh,EG,31.3525,27.2453,55.38,72,88,33.49,overcast clouds
106,Progreso,MX,21.2833,-89.6667,80.11,63,0,13.82,clear sky
107,Kodiak,US,57.79,-152.4072,38.71,81,100,17.27,haze
108,Upernavik,GL,72.7868,-56.1549,4.57,67,100,6.62,overcast clouds
109,Khatanga,RU,71.9667,102.5,-32.01,100,90,4.41,overcast clouds
110,Puerto Ayora,EC,-0.7393,-90.3518,75.54,93,7,3.0,clear sky
111,Bela,IN,25.9333,81.9833,58.17,84,12,7.43,few clouds
112,Airai,TL,-8.9266,125.4092,73.17,63,74,4.68,broken clouds
113,Elizabeth City,US,36.2946,-76.2511,64.45,80,0,12.66,clear sky
114,Pital,CO,2.2665,-75.8044,72.45,75,87,4.81,overcast clouds
115,Mareeba,AU,-17.0,145.4333,83.12,84,100,4.36,overcast clouds
116,Gejiu,CN,23.306,103.1635,45.25,71,13,5.79,few clouds
117,Tuatapere,NZ,-46.1333,167.6833,52.83,92,100,4.68,overcast clouds
118,Vaini,TO,-21.2,-175.2,86.16,79,75,10.36,broken clouds
119,Yellowknife,CA,62.456,-114.3525,-28.44,75,0,5.75,clear sky
120,Belle Fourche,US,44.6714,-103.8522,27.05,70,65,9.33,broken clouds
121,Hobyo,SO,5.3505,48.5268,74.66,76,56,14.81,broken clouds
122,Henties Bay,NA,-22.116,14.2845,65.86,88,6,5.91,clear sky
123,Karratha,AU,-20.7377,116.8463,93.4,41,75,11.88,broken clouds
124,Post Falls,US,47.718,-116.9516,31.42,91,100,4.61,mist
125,Constitucion,CL,-35.3333,-72.4167,58.37,92,47,9.19,scattered clouds
126,Auki,SB,-8.7676,160.7034,76.17,93,100,10.76,overcast clouds
127,Ronne,DK,55.1009,14.7066,40.91,93,100,12.66,mist
128,Francistown,BW,-21.17,27.5079,68.9,77,30,6.15,scattered clouds
129,Mvuma,ZW,-19.2792,30.5283,61.83,92,27,3.36,scattered clouds
130,Kondopoga,RU,62.2057,34.2614,1.08,100,100,2.37,overcast clouds
131,Prainha,BR,-1.8,-53.48,72.57,98,100,3.74,overcast clouds
132,Cidreira,BR,-30.1811,-50.2056,75.7,89,84,22.15,broken clouds
133,Bredasdorp,ZA,-34.5322,20.0403,58.28,65,100,5.06,overcast clouds
134,Luderitz,NA,-26.6481,15.1594,68.16,70,1,15.68,clear sky
135,Chara,RU,56.9064,118.2631,-14.35,93,68,1.3,broken clouds
136,Georgetown,MY,5.4112,100.3354,87.73,69,20,3.44,few clouds
137,Butaritari,KI,3.0707,172.7902,81.9,76,17,14.52,light rain
138,Vrangel,RU,42.7297,133.0839,16.0,49,2,14.92,clear sky
139,Sitka,US,57.0531,-135.33,46.29,81,100,24.16,moderate rain
140,Northam,GB,51.0333,-4.2167,51.03,93,100,25.17,overcast clouds
141,Namatanai,PG,-3.6667,152.4333,84.78,68,78,10.45,broken clouds
142,Eenhana,NA,-17.4667,16.3333,69.76,70,94,8.99,overcast clouds
143,Hithadhoo,MV,-0.6,73.0833,81.64,74,100,10.09,overcast clouds
144,Avarua,CK,-21.2078,-159.775,82.45,78,75,16.11,broken clouds
145,Chakulia,IN,22.4833,86.7167,62.92,85,94,9.35,overcast clouds
146,Ust-Nera,RU,64.5667,143.2,-8.54,98,99,4.23,overcast clouds
147,Kavieng,PG,-2.5744,150.7967,83.52,71,82,5.46,broken clouds
148,Fukue,JP,32.6881,128.8419,44.44,55,28,20.18,scattered clouds
149,Bilma,NE,18.6853,12.9164,51.42,32,0,12.08,clear sky
150,Sioux Lookout,CA,50.1001,-91.917,-9.02,76,75,2.3,broken clouds
151,Vestmannaeyjar,IS,63.4427,-20.2734,27.77,68,27,34.09,scattered clouds
152,Matata,NZ,-37.8833,176.75,78.58,66,3,9.37,clear sky
153,Pisco,PE,-13.7,-76.2167,69.85,73,0,9.22,clear sky
154,Ribeira Grande,PT,38.5167,-28.7,58.6,75,100,17.43,overcast clouds
155,Lalas,GR,37.7167,21.7167,35.31,64,3,4.72,clear sky
156,Quatre Cocos,MU,-20.2078,57.7625,80.71,89,98,20.42,light rain
157,Dingle,PH,10.9995,122.6711,80.76,79,81,16.53,broken clouds
158,Port Hardy,CA,50.6996,-127.4199,45.75,93,75,13.8,broken clouds
159,Tessalit,ML,20.1986,1.0114,55.69,18,0,11.63,clear sky
160,Altay,CN,47.8667,88.1167,5.97,63,5,6.26,clear sky
161,Olafsvik,IS,64.8945,-23.7142,27.7,74,96,28.03,overcast clouds
162,Ridgecrest,US,35.6225,-117.6709,46.42,26,24,1.57,few clouds
163,Cookeville,US,36.1628,-85.5016,45.41,96,100,1.01,mist
164,Bon Accord,CA,53.8335,-113.4187,1.78,78,100,2.3,overcast clouds
165,Laguna,US,38.421,-121.4238,53.44,67,0,0.0,clear sky
166,Petropavlovsk-Kamchatskiy,RU,53.0452,158.6483,30.79,47,75,15.66,broken clouds
167,Sao Filipe,CV,14.8961,-24.4956,72.52,77,0,8.75,clear sky
168,Mount Gambier,AU,-37.8333,140.7667,71.89,44,7,12.06,clear sky
169,Bredy,RU,52.4153,60.3411,20.03,83,100,11.68,overcast clouds
170,Tigre,AR,-34.426,-58.5796,74.21,86,75,8.05,broken clouds
171,Severo-Kurilsk,RU,50.6789,156.125,31.12,90,100,10.83,light snow
172,Talnakh,RU,69.4865,88.3972,-13.94,99,80,7.09,broken clouds
173,Teruel,ES,40.6667,-0.6667,39.16,58,73,4.61,broken clouds
174,Jiayuguan,CN,39.8167,98.3,17.04,37,70,5.55,broken clouds
175,Ketchikan,US,55.3422,-131.6461,46.38,93,100,12.66,heavy intensity rain
176,Wanning,CN,18.8003,110.3967,65.91,86,100,11.18,overcast clouds
177,Vanavara,RU,60.34,102.2797,11.5,93,100,8.9,light snow
178,Los Andes,CL,-32.8337,-70.5983,67.71,66,0,2.15,clear sky
179,Ugoofaaru,MV,5.6667,73.0,80.76,74,52,8.95,broken clouds
180,Sao Felix Do Xingu,BR,-6.6447,-51.995,70.74,94,3,1.21,clear sky
181,Kirksville,US,40.1948,-92.5833,10.11,71,0,5.01,clear sky
182,Sao Joao Da Barra,BR,-21.6403,-41.0511,73.47,97,98,5.75,overcast clouds
183,Korla,CN,41.7597,86.1469,26.19,44,100,7.56,overcast clouds
184,Provideniya,RU,64.3833,-173.3,2.77,58,8,23.31,clear sky
185,Udachnyy,RU,66.4167,112.4,-22.68,99,98,2.51,overcast clouds
186,Boguchany,RU,58.3814,97.4531,11.77,95,100,5.73,light snow
187,Walvis Bay,NA,-22.9575,14.5053,66.09,80,4,9.28,clear sky
188,Saint George,US,37.1041,-113.5841,40.42,31,0,5.01,clear sky
189,Desoto,US,32.5899,-96.8569,22.26,84,100,3.0,overcast clouds
190,Bengkulu,ID,-3.8004,102.2655,79.25,80,98,2.98,overcast clouds
191,Hailar,CN,49.2,119.7,-9.81,86,20,4.68,few clouds
192,Tevriz,RU,57.509,72.4042,24.48,95,100,11.54,snow
193,El Alto,PE,-4.2714,-81.2147,70.27,80,59,13.82,broken clouds
194,Berdigestyakh,RU,62.0989,126.6992,-16.1,94,99,5.75,overcast clouds
195,Puerto Madryn,AR,-42.7692,-65.0385,71.82,52,100,16.06,overcast clouds
196,Faanui,PF,-16.4833,-151.75,81.28,70,1,15.12,clear sky
197,Vagur,FO,61.4732,-6.8119,37.08,69,88,42.1,overcast clouds
198,Havre-Saint-Pierre,CA,50.2334,-63.5986,10.99,61,100,13.8,overcast clouds
199,Saldanha,ZA,-33.0117,17.9442,57.25,81,0,18.92,clear sky
200,Rawlins,US,41.7911,-107.2387,17.82,48,0,11.5,clear sky
201,Inirida,CO,3.8653,-67.9239,72.82,91,43,2.08,scattered clouds
202,Norman Wells,CA,65.282,-126.8329,-43.56,66,0,0.0,clear sky
203,Codrington,AU,-38.2667,141.9667,67.28,59,77,14.92,broken clouds
204,Roebourne,AU,-20.7833,117.1333,92.79,42,74,12.24,broken clouds
205,Yulara,AU,-25.2406,130.9889,80.44,26,84,14.97,broken clouds
206,Qaqortoq,GL,60.7167,-46.0333,25.3,96,100,12.44,snow
207,Ongandjera,NA,-17.8833,15.0667,70.45,48,51,8.9,broken clouds
208,Port Moresby,PG,-9.4431,147.1797,87.58,59,92,13.38,overcast clouds
209,Sangar,RU,63.9242,127.4739,-21.41,96,98,3.38,overcast clouds
210,Geraldton,AU,-28.7667,114.6,108.01,9,0,10.36,clear sky
211,Dryden,CA,49.7833,-92.7503,-9.11,70,100,6.91,overcast clouds
212,Bay Roberts,CA,47.5999,-53.2648,39.02,89,100,10.0,overcast clouds
213,Shitanjing,CN,39.2342,106.3439,16.11,32,0,1.12,clear sky
214,Rongcheng,CN,30.634,117.8517,40.3,84,100,1.7,overcast clouds
215,Luau,AO,-10.7073,22.2247,62.94,99,100,2.21,overcast clouds
216,Cherskiy,RU,68.75,161.3,-28.86,99,16,3.36,few clouds
217,Pitelino,RU,54.5777,41.8145,19.06,94,100,8.59,snow
218,Canakkale,TR,40.0833,26.8333,36.21,94,26,4.76,scattered clouds
219,Horconcitos,PA,8.4682,-81.8007,65.19,90,56,5.77,broken clouds
220,Deder,ET,9.3167,41.45,51.31,40,62,5.14,broken clouds
221,Tursunzoda,TJ,38.5144,68.2333,36.48,38,0,6.8,clear sky
222,Luanshya,ZM,-13.1367,28.4166,61.21,99,95,3.65,overcast clouds
223,Abha,SA,18.2164,42.5053,51.62,87,20,0.0,few clouds
224,Luanda,AO,-8.8368,13.2343,75.16,81,100,7.65,overcast clouds
225,Upata,VE,8.0086,-62.3989,74.19,86,42,5.28,scattered clouds
226,Hami,CN,42.8,93.45,24.12,33,14,1.77,few clouds
227,Grand Gaube,MU,-20.0064,57.6608,81.0,84,100,10.0,overcast clouds
228,Chalmette,US,29.9427,-89.9634,48.2,91,100,6.91,thunderstorm with light rain
229,Tilichiki,RU,60.4667,166.1,4.28,79,100,9.71,overcast clouds
230,Opuwo,NA,-18.0607,13.84,62.98,58,4,2.77,clear sky
231,Carnarvon,AU,-24.8667,113.6333,96.87,36,21,9.22,few clouds
232,Andenes,NO,69.3143,16.1194,22.98,68,100,33.38,overcast clouds
233,Aviles,ES,43.5547,-5.9248,55.72,75,100,5.75,overcast clouds
234,Veraval,IN,20.9,70.3667,64.8,42,12,4.81,few clouds
235,Ibra,OM,22.6906,58.5334,59.4,69,0,3.36,clear sky
236,Ixtapa,MX,20.7,-105.2,70.83,78,20,0.0,few clouds
237,Miyako,JP,39.6367,141.9525,34.72,45,97,8.66,overcast clouds
238,Ahipara,NZ,-35.1667,173.1667,77.23,69,66,14.2,broken clouds
239,Rio Grande,BR,-32.035,-52.0986,70.95,86,100,10.0,light rain
240,Baykit,RU,61.67,96.37,11.39,97,99,3.71,overcast clouds
241,Yanji,CN,42.9075,129.5078,14.58,54,46,15.28,scattered clouds
242,Hofu,JP,34.05,131.5667,48.07,43,12,15.41,few clouds
243,Touros,BR,-5.1989,-35.4608,79.7,75,58,13.24,broken clouds
244,Maniitsoq,GL,65.4167,-52.9,12.52,76,100,19.3,light snow
245,Bealanana,MG,-14.55,48.7333,64.06,95,89,3.42,overcast clouds
246,Klaksvik,FO,62.2266,-6.589,36.52,81,99,49.82,overcast clouds
247,Port Hedland,AU,-20.3167,118.5667,96.85,38,84,21.85,broken clouds
248,Kozan,TR,37.4552,35.8157,45.5,87,100,4.88,overcast clouds
249,Monrovia,LR,6.3005,-10.7969,77.68,86,10,2.44,clear sky
250,Tura,IN,25.5198,90.2201,59.43,80,100,1.74,light rain
251,Gagnoa,CI,6.1293,-5.9437,69.04,99,22,2.35,few clouds
252,Mersin,TR,36.862,34.6509,47.55,85,100,9.62,overcast clouds
253,Cabo San Lucas,MX,22.8909,-109.9124,67.51,58,20,8.05,few clouds
254,Lata,PT,40.1629,-8.3327,48.07,96,99,0.54,overcast clouds
255,Wanlaweyn,SO,2.6185,44.8938,73.08,66,41,13.11,scattered clouds
256,Sukumo,JP,32.9333,132.7333,48.27,46,33,12.91,scattered clouds
257,Fortuna,US,40.5982,-124.1573,46.65,88,75,0.0,broken clouds
258,Surin,TH,14.8818,103.4936,77.92,73,28,10.0,scattered clouds
259,Atambua,ID,-9.1061,124.8925,80.29,75,61,7.52,broken clouds
260,Atar,MR,20.5169,-13.0499,65.68,16,0,6.91,clear sky
261,Pacific Grove,US,36.6177,-121.9166,56.95,83,0,1.99,clear sky
262,Flinders,AU,-34.5833,150.8552,73.8,58,85,16.26,light rain
263,Danshui,CN,22.7984,114.4672,60.87,59,16,9.8,few clouds
264,Makakilo City,US,21.3469,-158.0858,79.12,45,0,9.22,clear sky
265,Srednekolymsk,RU,67.45,153.6833,-28.77,99,43,1.74,scattered clouds
266,Jiexiu,CN,37.0244,111.9125,28.85,33,0,6.51,clear sky
267,Pevek,RU,69.7008,170.3133,-19.21,100,25,3.58,scattered clouds
268,Inuvik,CA,68.3499,-133.7218,-24.84,68,20,2.3,few clouds
269,The Valley,AI,18.217,-63.0578,77.83,83,20,5.75,few clouds
270,Hinche,HT,19.15,-72.0167,72.82,91,13,4.7,few clouds
271,Narsaq,GL,60.9167,-46.05,25.02,96,100,7.7,snow
272,Sangueya,GN,10.7,-14.3667,70.77,92,0,2.19,clear sky
273,Mattru,SL,7.6244,-11.8332,70.68,97,1,1.81,clear sky
274,Boa Vista,BR,2.8197,-60.6733,82.38,61,0,11.5,clear sky
275,Hualmay,PE,-11.0964,-77.6139,70.56,82,83,8.48,broken clouds
276,Povazska Bystrica,SK,49.1215,18.4217,37.0,93,75,4.0,mist
277,Roald,NO,62.5833,6.1333,40.12,87,100,16.11,moderate rain
278,Leshukonskoye,RU,64.8989,45.7622,-2.96,100,92,2.35,overcast clouds
279,Araouane,ML,18.9048,-3.5265,62.82,13,0,10.36,clear sky
280,Lasa,IT,46.6166,10.7002,31.3,63,35,3.36,scattered clouds
281,Dinhata,IN,26.1333,89.4667,61.38,61,100,11.07,moderate rain
282,Chenzhou,CN,25.8,113.0333,41.9,83,98,5.08,overcast clouds
283,Te Anau,NZ,-45.4167,167.7167,48.34,97,100,3.22,light rain
284,Berlevag,NO,70.8578,29.0864,20.98,81,98,13.56,overcast clouds
285,Urumqi,CN,43.801,87.6005,-1.25,85,75,2.24,fog
286,Broken Hill,AU,-31.95,141.4333,72.82,25,0,18.14,clear sky
287,Saravena,CO,6.9538,-71.8752,76.03,61,33,3.02,scattered clouds
288,Horodyshche,UA,49.2849,31.4451,19.38,94,44,9.82,scattered clouds
289,Winnemucca,US,40.973,-117.7357,33.85,51,0,12.66,clear sky
290,Aksarka,RU,66.5606,67.7975,-10.88,100,99,0.72,overcast clouds
291,Kaoma,ZM,-14.7833,24.8,63.43,99,100,4.63,light rain
292,Dunkirk,FR,51.05,2.3667,48.02,88,100,17.38,overcast clouds
293,Karwar,IN,14.8,74.1333,72.93,78,31,3.58,scattered clouds
294,Seymchan,RU,62.8833,152.4333,-14.1,89,12,5.12,few clouds
295,Snezhnogorsk,RU,69.1933,33.2531,-0.22,99,100,5.86,overcast clouds
296,Gardez,AF,33.5974,69.2259,10.53,46,0,2.86,clear sky
297,Barcelos,PT,41.5388,-8.6151,51.94,74,100,3.0,overcast clouds
298,Steamboat Springs,US,40.485,-106.8317,8.1,67,40,0.0,scattered clouds
299,Sechelt,CA,49.4664,-123.7694,44.55,98,100,4.36,overcast clouds
300,Palm Valley,US,30.1775,-81.3876,70.05,84,2,12.62,clear sky
301,Baker City,US,44.7749,-117.8344,33.64,100,100,0.0,fog
302,Irricana,CA,51.3237,-113.6048,9.03,100,95,6.04,overcast clouds
303,Morondava,MG,-20.2833,44.2833,78.42,87,34,4.47,scattered clouds
304,Clarence Town,AU,-32.5833,151.7833,75.81,59,24,13.47,few clouds
305,Mana,GF,5.6592,-53.7767,75.94,90,87,9.42,light rain
306,Taoudenni,ML,22.6783,-3.9836,61.5,20,36,10.07,scattered clouds
307,Hammerfest,NO,70.6634,23.6821,14.45,73,0,9.22,clear sky
308,Banda Aceh,ID,5.5577,95.3222,83.46,67,60,9.93,broken clouds
309,Vigrestad,NO,58.5667,5.7,41.0,79,100,15.23,overcast clouds
310,Bom Jardim,BR,-7.7958,-35.5872,75.54,88,100,4.81,overcast clouds
311,Lifford,IE,54.8319,-7.4836,36.66,79,86,6.69,overcast clouds
312,At-Bashi,KG,41.1702,75.8106,-3.06,76,35,2.98,scattered clouds
313,Boende,CD,-0.2167,20.8667,67.19,93,95,3.0,overcast clouds
314,Kinna,SE,57.5073,12.6946,42.75,98,100,7.92,overcast clouds
315,Temiscaming,CA,46.7212,-79.0971,-0.53,60,100,6.91,overcast clouds
316,Dongsheng,CN,39.8161,109.9776,12.56,48,0,12.15,clear sky
317,Mehamn,NO,71.0357,27.8492,18.57,83,84,12.57,broken clouds
318,Bahia Blanca,AR,-38.7196,-62.2724,72.36,56,16,9.22,few clouds
319,Fort Nelson,CA,58.8053,-122.7002,-11.61,77,100,4.61,light snow
320,Goure,NE,13.9835,10.2704,59.02,20,0,12.77,clear sky
321,Porto Murtinho,BR,-21.6989,-57.8825,75.43,90,99,6.17,overcast clouds
322,Langsa,ID,4.4683,97.9683,86.56,60,58,1.5,light rain
323,Loreto,MX,22.2667,-101.9667,52.95,40,66,6.29,broken clouds
324,Moree,AU,-29.4667,149.85,82.42,32,75,12.66,broken clouds
325,Tiarei,PF,-17.5333,-149.3333,87.82,76,21,15.1,light rain
326,Nuevo Progreso,MX,23.1667,-97.95,61.59,63,33,3.0,scattered clouds
327,Powell River,CA,49.8496,-124.5361,40.28,97,100,4.34,overcast clouds
328,Husavik,IS,66.0449,-17.3389,22.91,90,100,13.65,snow
329,Itarema,BR,-2.9248,-39.9167,78.13,85,80,10.18,broken clouds
330,Maputo,MZ,-25.9653,32.5892,80.22,87,29,1.99,scattered clouds
331,Okhotsk,RU,59.3833,143.3,9.66,74,87,15.5,overcast clouds
332,Barra Patuca,HN,15.8,-84.2833,76.42,83,0,8.66,clear sky
333,Necochea,AR,-38.5473,-58.7368,66.04,94,100,7.05,overcast clouds
334,Agutaya,PH,11.148,120.9417,79.3,85,74,26.82,broken clouds
335,Loudi,CN,27.7344,111.9944,44.11,67,7,5.1,clear sky
336,Aloleng,PH,16.1307,119.7824,83.39,65,11,9.91,few clouds
337,Ransang,PH,8.9603,117.5828,85.21,65,7,11.01,clear sky
338,Asau,RO,46.4333,26.4,22.28,90,24,6.04,few clouds
339,Albacete,ES,38.8333,-2.0,45.19,87,0,0.0,clear sky
340,Batticaloa,LK,7.7102,81.6924,76.6,76,4,1.21,clear sky
341,Comodoro Rivadavia,AR,-45.8667,-67.5,58.86,100,40,4.61,scattered clouds
342,Pascagoula,US,30.3658,-88.5561,68.41,99,100,10.36,overcast clouds
343,Kawalu,ID,-7.3817,108.2082,86.58,56,28,1.63,scattered clouds
344,Mananara,MG,-16.1667,49.7667,75.74,84,100,6.51,overcast clouds
345,Tarakan,ID,3.3,117.6333,85.5,66,40,9.22,scattered clouds
346,Maumere,ID,-8.6199,122.2111,84.4,70,96,6.2,overcast clouds
347,Kulhudhuffushi,MV,6.6221,73.07,80.58,70,29,7.65,scattered clouds
348,Montrose,US,38.4166,-108.2673,6.21,67,0,0.51,clear sky
349,Sayyan,YE,15.1718,44.3244,47.93,34,1,1.48,clear sky
350,Datong,CN,40.0936,113.2914,14.49,36,0,4.92,clear sky
351,Gat,IL,31.61,34.7642,53.4,5,9,12.97,clear sky
352,Port Shepstone,ZA,-30.7414,30.455,75.54,85,100,16.13,light rain
353,Graaff-Reinet,ZA,-32.2522,24.5308,60.93,82,100,5.61,overcast clouds
354,Kashi,CN,39.4547,75.9797,24.01,42,20,11.18,few clouds
355,San Vicente,AR,-26.6167,-54.1333,68.76,100,100,2.35,moderate rain
356,Cao Bang,VN,22.6667,106.25,55.62,67,75,1.07,broken clouds
357,Tabuk,PH,17.4189,121.4443,77.94,76,66,5.12,broken clouds
358,Mangrol,IN,21.1167,70.1167,64.27,43,10,4.45,clear sky
359,Arlit,NE,18.7369,7.3853,54.3,20,4,6.8,clear sky
360,Dhidhdhoo,MV,6.8833,73.1,80.67,69,13,7.11,few clouds
361,Ostrovnoy,RU,68.0531,39.5131,12.72,96,100,4.45,overcast clouds
362,Lorengau,PG,-2.0226,147.2712,84.7,63,100,9.17,overcast clouds
363,Kruisfontein,ZA,-34.0033,24.7314,64.89,75,74,9.53,broken clouds
364,Cran-Gevrier,FR,45.9,6.1,40.3,93,0,2.3,clear sky
365,Vale Da Amoreira,PT,39.0697,-7.6985,47.03,88,98,2.33,overcast clouds
366,Zhigansk,RU,66.7697,123.3711,-28.12,98,92,2.89,overcast clouds
367,Brae,GB,60.3964,-1.353,37.31,53,100,32.77,overcast clouds
368,Chicama,PE,-7.8447,-79.1469,72.01,74,60,6.58,broken clouds
369,Porto Novo,BJ,6.4965,2.6036,76.41,87,0,4.68,clear sky
370,Omsukchan,RU,62.5333,155.8,-5.85,75,16,9.8,few clouds
371,Ilulissat,GL,69.2167,-51.1,23.02,50,100,11.5,overcast clouds
372,Paramonga,PE,-10.6667,-77.8333,71.1,82,66,8.03,broken clouds
373,Katsuura,JP,35.1333,140.3,42.91,71,100,10.6,overcast clouds
374,Rieti,IT,42.4072,12.8592,47.55,51,100,6.91,overcast clouds
375,Karcag,HU,47.3167,20.9333,32.0,79,100,7.31,overcast clouds
376,San Cristobal,VE,7.7669,-72.225,73.58,65,84,1.07,broken clouds
377,Taybad,IR,34.74,60.7756,41.79,49,100,2.93,overcast clouds
378,Alice Springs,AU,-23.7,133.8833,76.55,33,98,13.8,overcast clouds
379,Mahajanga,MG,-15.7167,46.3167,78.82,89,40,5.75,scattered clouds
380,East London,ZA,-33.0153,27.9116,67.14,82,0,10.36,clear sky
381,Thinadhoo,MV,0.5333,72.9333,81.95,70,75,8.46,broken clouds
382,Kailua,US,21.4022,-157.7394,80.58,65,20,5.75,few clouds
383,Tutoia,BR,-2.7619,-42.2744,80.58,88,98,11.21,overcast clouds
384,Nouakchott,MR,18.0858,-15.9785,69.73,25,0,11.07,clear sky
385,Clyde River,CA,70.4692,-68.5914,-5.01,95,100,19.55,light snow
386,Ouadda,CF,8.0777,22.4007,67.03,24,56,5.53,broken clouds
387,Kyshtovka,RU,56.555,76.6271,15.31,85,100,13.87,overcast clouds
388,Beringovskiy,RU,63.05,179.3167,0.3,78,100,18.1,overcast clouds
389,Oranjemund,NA,-28.55,16.4333,63.43,82,3,21.85,clear sky
390,Kahului,US,20.8947,-156.47,81.66,64,0,17.27,clear sky
391,Ilebo,CD,-4.3167,20.5833,66.81,98,100,0.81,overcast clouds
392,Awbari,LY,26.5921,12.7805,46.31,52,0,5.57,clear sky
393,Trapani,IT,37.8333,12.6667,50.27,87,0,10.36,clear sky
394,Tautira,PF,-17.7333,-149.15,87.82,77,44,15.17,light rain
395,Bathsheba,BB,13.2167,-59.5167,75.81,73,20,11.5,few clouds
396,Waingapu,ID,-9.6567,120.2641,86.63,66,54,13.18,broken clouds
397,Lazi,UA,48.0667,24.2333,21.58,98,100,1.16,overcast clouds
398,Longyearbyen,SJ,78.2186,15.6401,15.64,73,75,6.91,broken clouds
399,Maicao,CO,11.3832,-72.2432,78.19,79,69,11.54,broken clouds
400,Dikson,RU,73.5069,80.5464,-7.19,94,100,5.55,overcast clouds
401,Port-Cartier,CA,50.0334,-66.8654,3.74,77,100,7.31,overcast clouds
402,Raton,US,36.9034,-104.4391,8.58,80,0,4.61,clear sky
403,Hovd,MN,48.0056,91.6419,-5.89,81,22,2.13,few clouds
404,Ocean City,US,39.2776,-74.5746,53.33,94,100,1.01,overcast clouds
405,Pacifica,US,37.6138,-122.4869,56.8,81,40,4.0,mist
406,Casambalangan,PH,18.3765,122.1274,79.25,71,68,6.24,broken clouds
407,Guymon,US,36.6828,-101.4816,8.6,72,0,10.36,clear sky
408,San Quintin,MX,30.4833,-115.95,56.7,64,0,3.49,clear sky
409,Tukrah,LY,32.5341,20.5791,53.64,56,29,21.72,scattered clouds
410,Maksatikha,RU,57.797,35.8825,8.65,97,97,3.98,overcast clouds
411,Kamaishi,JP,39.2667,141.8833,34.75,50,98,13.78,overcast clouds
412,Belmonte,BR,-15.8631,-38.8828,79.3,81,93,5.28,overcast clouds
413,Kaeo,NZ,-35.1,173.7833,77.32,83,97,9.71,overcast clouds
414,Carballo,ES,43.213,-8.691,53.55,92,100,2.95,overcast clouds
415,Oussouye,SN,12.485,-16.5469,70.14,72,0,5.75,clear sky
416,Manokwari,ID,-0.8667,134.0833,81.25,76,97,4.52,light rain
417,Homer,US,59.6425,-151.5483,30.09,86,100,12.66,light snow
418,Dahegam,IN,23.1667,72.8167,60.57,38,0,1.63,clear sky
419,Goderich,CA,43.7501,-81.7165,14.92,73,100,10.36,overcast clouds
420,Vardo,NO,70.3705,31.1107,26.58,62,100,13.06,light snow
421,Tricase,IT,39.9304,18.3553,38.82,62,59,8.7,broken clouds
422,Anadyr,RU,64.75,177.4833,14.5,67,11,33.55,few clouds
423,Nador,MA,35.174,-2.9287,57.45,38,0,4.61,clear sky
424,Rognan,NO,67.0953,15.3878,23.88,81,100,15.73,light snow
425,Kadaya,RU,50.9327,119.2911,-9.11,87,34,1.25,scattered clouds
426,Taguatinga,BR,-12.3857,-46.5711,74.97,80,59,0.65,broken clouds
427,Marawi,PH,7.9986,124.2928,70.65,86,100,2.17,light rain
428,Samarai,PG,-10.6167,150.6667,83.59,73,91,7.56,overcast clouds
429,Tual,ID,-5.6667,132.75,83.71,72,84,14.52,broken clouds
430,Harper,LR,4.375,-7.7169,77.77,84,12,3.2,light rain
431,Tucuman,AR,-26.8241,-65.2226,73.4,88,0,6.91,clear sky
432,Mardin,TR,37.3131,40.7436,40.26,76,75,9.22,broken clouds
433,Mananjary,MG,-21.2167,48.3333,75.54,91,100,12.39,moderate rain
434,Andijon,UZ,40.7821,72.3442,31.86,43,0,7.29,clear sky
435,Bloemfontein,ZA,-29.1211,26.214,62.08,82,0,0.0,clear sky
436,Linkoping,SE,58.4109,15.6216,36.01,97,100,8.05,drizzle
437,Troutdale,US,45.5393,-122.3873,45.23,93,0,0.0,clear sky
438,Chippewa Falls,US,44.9369,-91.3929,-2.02,69,0,0.0,clear sky
439,Kendari,ID,-3.945,122.4989,87.75,59,76,3.74,broken clouds
440,Dillingen,DE,49.35,6.7333,43.7,99,100,8.25,overcast clouds
441,Bambous Virieux,MU,-20.3428,57.7575,80.85,94,75,20.71,light rain
442,Lavrentiya,RU,65.5833,-171.0,1.08,56,0,22.12,clear sky
443,Unai,BR,-16.3575,-46.9061,70.9,90,21,1.48,few clouds
444,Tecoanapa,MX,16.5167,-98.75,75.02,71,0,4.7,clear sky
445,Salalah,OM,17.0151,54.0924,66.29,77,0,3.44,clear sky
446,Praia,CV,14.9215,-23.5087,70.34,83,0,12.66,clear sky
447,Mumford,GH,5.2618,-0.759,78.91,83,16,5.26,few clouds
448,Shingu,JP,33.7333,135.9833,49.19,32,60,3.56,broken clouds
449,Surt,LY,31.2089,16.5887,56.32,58,2,10.4,clear sky
450,Luohe,CN,33.5717,114.0353,44.85,43,0,5.93,clear sky
451,Marathon,US,44.9,-89.7668,-2.67,71,0,3.44,clear sky
452,Arrecife,ES,28.963,-13.5477,69.78,56,0,11.5,clear sky
453,Santa Cruz De Tenerife,ES,28.4682,-16.2546,72.28,59,96,3.0,overcast clouds
454,Severnoye,RU,56.3491,78.3619,10.72,89,99,12.17,overcast clouds
455,Ilheus,BR,-14.7889,-39.0494,75.7,87,57,1.95,broken clouds
456,Tafresh,IR,34.692,50.013,37.96,58,1,7.02,clear sky
457,Broome,US,42.2506,-75.833,33.17,83,100,4.0,mist
458,Vostok,RU,46.4856,135.8833,1.51,84,99,5.03,overcast clouds
459,Ulladulla,AU,-35.35,150.4667,71.1,70,83,13.06,broken clouds
460,San Patricio,US,28.017,-97.5169,35.83,76,94,17.65,overcast clouds
461,Les Ponts-De-Ce,FR,47.4231,-0.5248,47.3,91,100,6.85,overcast clouds
462,Dunedin,NZ,-45.8742,170.5036,50.7,96,100,4.94,overcast clouds
463,Ahuimanu,US,21.4447,-157.8378,80.31,59,20,3.0,few clouds
464,Krapina,HR,46.1608,15.8789,43.43,88,100,4.14,overcast clouds
465,Ancud,CL,-41.8697,-73.8203,60.22,96,37,3.09,scattered clouds
466,Newport,GB,51.5877,-2.9984,51.46,85,100,25.95,overcast clouds
467,Lompoc,US,34.6391,-120.4579,53.92,81,0,0.0,mist
468,Tochio,JP,37.4667,139.0,36.55,80,100,2.48,overcast clouds
469,Asfi,MA,32.2994,-9.2372,63.34,47,100,9.82,overcast clouds
470,Cape Coast,GH,5.1053,-1.2466,78.76,83,6,7.2,light rain
471,Padang,ID,-0.9492,100.3543,84.25,70,92,2.55,overcast clouds
472,Margate,GB,51.3813,1.3862,49.96,84,100,20.8,overcast clouds
473,Santa Barbara,US,34.7333,-120.0343,50.0,68,0,5.75,clear sky
474,Azangaro,PE,-14.9167,-70.2167,39.51,95,98,3.78,overcast clouds
475,Dhangadhi,NP,28.7079,80.5961,53.6,93,89,2.01,overcast clouds
476,Katangli,RU,51.7102,143.2326,7.34,91,100,18.12,light snow
477,Palana,RU,59.1167,159.9667,11.3,84,100,12.97,overcast clouds
478,Rio Gallegos,AR,-51.6226,-69.2181,46.45,61,75,10.36,broken clouds
479,Coihaique,CL,-45.5752,-72.0662,56.01,76,20,3.44,few clouds
480,Springfield,US,37.2153,-93.2982,16.52,87,100,7.0,light snow
481,Coquimbo,CL,-29.9533,-71.3436,64.13,82,20,3.44,few clouds
482,Makat,KZ,47.6469,53.3463,33.39,77,100,21.61,overcast clouds
483,Ukiah,US,39.1502,-123.2078,53.65,76,0,0.0,clear sky
484,Los Llanos De Aridane,ES,28.6585,-17.9182,61.12,65,0,8.01,clear sky
485,Bitung,ID,1.4451,125.1824,83.25,79,100,10.65,overcast clouds
486,Kalemie,CD,-5.9475,29.1947,68.65,93,100,7.92,light rain
487,Svetlogorsk,BY,52.6333,29.7333,4.51,99,78,4.34,broken clouds
488,Trairi,BR,-3.2778,-39.2689,75.74,91,72,6.53,broken clouds
489,Madisonville,US,37.3281,-87.4989,27.09,84,100,13.31,light snow
490,Dabat,ET,12.9842,37.765,54.34,49,81,4.18,broken clouds
491,Keti Bandar,PK,24.1447,67.4497,69.01,53,0,7.56,clear sky
492,Oksfjord,NO,70.2396,22.3479,14.92,94,65,17.34,broken clouds
493,Hamura,JP,35.7648,139.3079,47.48,34,100,4.61,overcast clouds
494,Sarkand,KZ,45.41,79.9186,18.09,72,80,6.17,broken clouds
495,Saint-Augustin,CA,51.226,-58.6502,7.79,74,100,15.23,overcast clouds
496,Jalu,LY,29.0331,21.5482,49.5,62,6,11.99,clear sky
497,Pontianak,ID,-0.0333,109.3333,82.38,78,40,4.61,scattered clouds
498,Komsomolskiy,UZ,40.4272,71.7189,31.42,74,2,2.3,clear sky
499,Houston,US,29.7633,-95.3633,33.96,87,100,11.99,overcast clouds
500,Sedlcany,CZ,49.6606,14.4266,42.28,84,99,6.15,overcast clouds
501,Cazones,MX,20.7167,-97.3167,64.2,100,100,11.5,drizzle
502,Velsk,RU,61.0701,42.0983,-13.36,100,99,2.68,overcast clouds
503,Kupang,ID,-10.1667,123.5833,81.5,81,83,11.77,broken clouds
504,Pangai,TO,-19.8,-174.35,84.31,70,75,6.91,broken clouds
505,Namibe,AO,-15.1961,12.1522,70.68,78,3,5.75,clear sky
506,Egvekinot,RU,66.3167,-179.1667,-7.19,74,1,18.01,clear sky
507,Karamakhi,RU,42.6193,47.2602,23.27,39,100,2.46,overcast clouds
508,Richards Bay,ZA,-28.783,32.0377,75.7,95,94,8.9,moderate rain
509,Lewistown,US,40.5992,-77.5714,41.9,100,100,12.66,moderate rain
510,Astoria,US,46.1879,-123.8313,46.15,95,75,0.0,broken clouds
511,Noyabrsk,RU,63.1994,75.4507,19.24,96,100,10.16,light snow
512,Irece,BR,-11.3042,-41.8558,70.16,67,32,8.52,scattered clouds
513,Moindou,NC,-21.6924,165.677,87.75,87,99,5.75,overcast clouds
514,Victor Harbor,AU,-35.5667,138.6167,77.72,62,0,1.99,clear sky
515,Skovorodino,RU,53.9833,123.9167,3.0,63,85,10.6,overcast clouds
516,Jaen,ES,38.0,-3.5,39.02,70,26,2.48,scattered clouds
517,Grindavik,IS,63.8424,-22.4338,28.87,69,75,25.32,broken clouds
518,Gigmoto,PH,13.7796,124.39,78.66,89,100,11.81,heavy intensity rain
519,Dauphin,CA,51.1494,-100.0502,-14.66,76,0,9.22,clear sky
520,Poshekhonye,RU,58.4993,39.1353,8.82,98,98,3.67,overcast clouds
521,Balaipungut,ID,1.05,101.2833,82.81,86,88,3.0,overcast clouds
522,Aykhal,RU,66.0,111.5,-19.3,100,100,1.61,overcast clouds
523,Ulaangom,MN,49.9811,92.0667,-17.52,87,18,0.78,few clouds
524,Kannangad,IN,12.3081,75.1063,74.84,77,29,5.66,scattered clouds
525,Shache,CN,38.4167,77.2406,27.1,42,95,3.6,overcast clouds
526,Zasechnoye,RU,53.1092,45.0764,31.68,59,100,3.76,snow
527,Umea,SE,63.8284,20.2597,13.93,92,100,10.36,light snow
528,Doctor Juan Leon Mallorquin,PY,-25.4,-55.2667,74.93,99,100,6.49,light rain
529,Bartica,GY,6.4,-58.6167,75.52,98,15,2.53,few clouds
530,Cap-Haitien,HT,19.7578,-72.2042,74.86,82,32,16.33,scattered clouds
531,Morden,CA,49.1919,-98.1014,-1.82,77,100,10.36,overcast clouds
532,Kununurra,AU,-15.7667,128.7333,87.78,70,40,11.5,scattered clouds
533,Tiksi,RU,71.6872,128.8694,-11.69,100,100,7.02,overcast clouds
534,Huarmey,PE,-10.0681,-78.1522,71.58,81,24,7.74,few clouds
535,Matara,LK,5.9485,80.5353,78.44,72,5,4.18,clear sky
536,Yanam,IN,16.7333,82.2167,75.6,66,16,4.09,few clouds
537,Flagstaff,US,35.1981,-111.6513,26.26,33,0,1.01,clear sky
538,Meulaboh,ID,4.1363,96.1285,81.93,69,84,2.73,light rain
539,Shimoda,JP,34.6667,138.95,46.11,64,100,1.74,overcast clouds
540,Westport,US,41.1415,-73.3579,50.2,97,100,4.61,moderate rain
541,Ornskoldsvik,SE,63.2909,18.7153,28.22,100,100,21.85,snow
542,Kirakira,SB,-10.4544,161.9205,81.3,82,100,11.05,moderate rain
543,Mecca,SA,21.4267,39.8261,70.65,87,43,3.24,scattered clouds
544,Goundam,ML,16.4145,-3.6708,63.7,14,2,10.07,clear sky
545,Colares,PT,38.7992,-9.4469,53.89,75,100,1.01,overcast clouds
546,Mitu,CO,1.1983,-70.1733,71.13,99,60,0.49,broken clouds
547,Vestmanna,FO,62.1564,-7.1664,34.72,69,75,41.43,light snow
548,Merauke,ID,-8.4667,140.3333,85.24,71,100,11.54,overcast clouds
549,Mudkhed,IN,19.1667,77.5167,66.24,48,11,6.17,few clouds
550,Greeley,US,40.4233,-104.7091,16.81,83,8,3.27,clear sky
551,Tumbi,TZ,-5.0667,32.7333,62.71,98,100,3.4,moderate rain
552,Thunder Bay,CA,48.4001,-89.3168,-2.43,66,47,2.24,scattered clouds
553,Concepcion Del Oro,MX,24.6333,-101.4167,49.39,69,84,3.29,broken clouds
554,Yeppoon,AU,-23.1333,150.7333,85.78,81,100,15.86,overcast clouds
555,Faya,SA,18.3851,42.4509,51.91,55,7,2.91,clear sky
556,Sortland,NO,68.6949,15.4162,21.38,77,100,6.73,overcast clouds
557,Uzhur,RU,55.3036,89.8339,0.39,97,100,5.48,overcast clouds
558,Guerrero Negro,MX,27.9769,-114.0611,59.18,30,0,15.28,clear sky
559,Marginea,RO,47.8167,25.8167,29.86,84,83,5.84,broken clouds
560,Fenoarivo,MG,-18.933,47.4354,66.27,77,75,5.75,broken clouds
561,Enshi,CN,30.3,109.4833,45.36,69,9,0.92,clear sky
562,Chor,PK,25.5167,69.7667,59.4,38,0,8.41,clear sky
563,Sheridan,US,44.8333,-106.9173,23.18,67,100,5.75,overcast clouds
564,Hofn,IS,64.2539,-15.2082,28.96,57,100,20.58,overcast clouds
565,Cayenne,GF,4.9333,-52.3333,79.09,90,75,5.01,broken clouds
566,Visnes,NO,59.3556,5.2242,42.85,81,40,21.85,scattered clouds
567,Whitianga,NZ,-36.8333,175.7,74.23,69,7,10.16,clear sky
568,Port Lincoln,AU,-34.7333,135.8667,67.89,57,32,14.76,scattered clouds
569,Sabanalarga,CO,10.6296,-74.9206,79.68,81,0,10.31,clear sky
570,Byron Bay,AU,-28.65,153.6167,76.95,84,84,22.3,light rain
571,San Jose,US,37.3394,-121.895,56.44,48,40,6.91,scattered clouds
572,Malartic,CA,48.1335,-78.1328,-18.02,99,49,3.36,scattered clouds
573,Pacasmayo,PE,-7.4006,-79.5714,71.28,79,96,12.55,overcast clouds
574,Talaya,RU,61.3833,152.75,-12.73,94,44,5.77,scattered clouds
575,Fare,PF,-16.7,-151.0167,81.18,71,1,14.25,clear sky
576,Kloulklubed,PW,7.0419,134.2556,86.5,74,28,20.4,scattered clouds
577,Katiola,CI,8.1333,-5.1,68.04,13,1,3.11,clear sky
578,Peoria,US,40.7667,-89.7668,15.89,75,100,8.05,overcast clouds
579,Falam,MM,22.9167,93.6833,56.46,53,0,3.87,clear sky
580,Andros Town,BS,24.7,-77.7667,71.56,68,17,19.64,few clouds
581,Saravan,AM,39.7196,45.6483,25.45,70,41,5.28,scattered clouds
582,Oparino,RU,59.8518,48.2783,-0.44,100,98,2.53,overcast clouds
583,Paita,PE,-5.0892,-81.1144,71.69,82,43,12.44,scattered clouds
584,Cermik,TR,38.1361,39.4493,39.69,100,100,3.62,overcast clouds
585,Dinguiraye,GN,11.3,-10.7167,66.94,17,0,1.7,clear sky
586,Birjand,IR,32.8663,59.2211,28.87,74,0,4.61,clear sky
587,Kidal,ML,18.4411,1.4078,57.07,17,0,14.54,clear sky
588,Faqirwali,PK,29.4663,73.034,49.57,84,0,5.93,clear sky
589,Lagoa,PT,39.05,-27.9833,57.67,75,100,12.33,overcast clouds
590,Sacramento,US,38.4666,-121.3177,53.31,67,0,0.0,clear sky
591,Ust-Maya,RU,60.4167,134.5333,-14.12,89,100,3.38,overcast clouds
592,Onega,RU,63.9061,38.1404,-2.69,100,99,1.77,overcast clouds
593,Buraydah,SA,26.326,43.975,64.85,65,3,9.82,clear sky
594,Saint-Louis,SN,16.3333,-15.0,72.28,9,0,10.4,clear sky
595,Formosa,AR,-26.1775,-58.1781,76.98,83,0,9.22,clear sky
596,Alghero,IT,40.5589,8.3181,51.89,87,0,10.36,clear sky
597,Coromandel,BR,-18.4733,-47.2003,68.0,90,99,2.53,overcast clouds
598,Kudahuvadhoo,MV,2.6708,72.8944,81.09,72,2,10.27,clear sky
599,San Policarpo,PH,12.1791,125.5072,75.78,87,100,16.96,overcast clouds
600,Pozhva,RU,59.0912,56.0847,0.75,100,100,1.36,overcast clouds
601,Saint Anthony,US,45.0205,-93.218,1.02,65,0,0.0,clear sky
602,Nosy Varika,MG,-20.5833,48.5333,74.39,94,100,13.91,light rain
603,Wukari,NG,7.85,9.7833,69.96,17,23,6.44,few clouds
604,Pedasi,PA,7.5333,-80.0333,75.07,83,51,10.4,broken clouds
605,Maraa,BR,-1.8333,-65.3667,72.39,99,78,0.43,broken clouds
606,Vila,PT,42.0304,-8.1588,42.33,85,100,3.04,overcast clouds
607,Luwuk,ID,-0.9516,122.7875,87.57,59,100,2.59,light rain
608,Novorzhev,RU,57.0294,29.3338,2.95,100,99,2.17,overcast clouds
609,Lavumisa,SZ,-27.31,31.892,79.92,90,100,8.75,overcast clouds
610,Teguldet,RU,57.3064,88.1667,13.28,94,99,7.2,overcast clouds
611,Kalmar,SE,56.6616,16.3616,38.97,99,100,4.61,overcast clouds
612,Kenai,US,60.5544,-151.2583,25.14,93,100,23.02,mist
613,Aljezur,PT,37.3191,-8.8033,53.78,56,91,3.71,overcast clouds
614,Buckie,GB,57.6757,-2.9624,36.37,69,21,24.23,few clouds
615,Port Blair,IN,11.6667,92.75,80.64,74,20,11.5,mist
616,Liuhe,CN,42.2401,125.7172,8.02,67,35,7.61,scattered clouds
617,Belaya Gora,RU,68.5333,146.4167,-32.28,99,41,1.54,scattered clouds
618,Rundu,NA,-17.9333,19.7667,65.17,91,73,5.08,broken clouds
619,Kozhva,RU,65.1073,57.0459,12.74,97,100,4.52,overcast clouds
620,Calama,CL,-22.4667,-68.9333,55.89,26,0,1.14,clear sky
621,Pangoa,PE,-12.1167,-73.0,69.04,99,100,1.07,overcast clouds
622,Antalaha,MG,-14.9003,50.2788,75.7,85,100,5.7,light rain
623,Torbat-E Jam,IR,35.244,60.6225,41.63,46,100,1.97,overcast clouds
624,Dali,CN,25.7,100.1833,49.78,54,5,2.8,clear sky
625,Sakyla,FI,61.0333,22.3333,19.44,95,89,8.72,overcast clouds
626,Rambouillet,FR,48.5833,1.9167,43.86,94,89,8.95,overcast clouds
627,Bogorodsk,RU,56.1033,43.5158,4.35,96,100,6.08,overcast clouds
628,Kysyl-Syr,RU,63.8986,122.7617,-19.93,98,65,3.98,broken clouds
629,Tadine,NC,-21.55,167.8833,76.82,93,100,6.08,light rain
630,Itupiranga,BR,-5.1347,-49.3267,73.22,96,94,1.7,overcast clouds
631,Skjervoy,NO,70.0311,20.9714,19.08,74,62,34.07,broken clouds
632,Atagay,RU,55.1033,99.3875,5.04,87,58,2.77,broken clouds
633,Grande Prairie,CA,55.1667,-118.8027,-2.02,78,100,11.5,overcast clouds
634,Khalkhal,IR,37.6189,48.5258,25.56,64,8,4.81,clear sky
635,Longonjo,AO,-12.9067,15.2533,59.09,88,100,0.69,overcast clouds
636,Chamrajnagar,IN,11.9167,76.95,63.0,63,25,1.16,scattered clouds
637,Mabaruma,GY,8.2,-59.7833,71.19,95,21,3.04,few clouds
638,Palu,ID,-0.8917,119.8707,87.69,58,100,3.56,overcast clouds
639,Chadiza,ZM,-14.0678,32.4392,64.67,94,100,1.63,overcast clouds
640,Charters Towers,AU,-20.1,146.2667,77.86,69,100,13.78,overcast clouds
641,Marsh Harbour,BS,26.5412,-77.0636,73.04,64,6,17.96,clear sky
642,Kaduy,RU,59.2,37.15,-3.3,100,100,2.37,overcast clouds
643,Plugari,RO,47.4833,27.1,34.18,79,46,2.64,scattered clouds
644,Amahai,ID,-3.3333,128.9167,87.33,57,100,1.48,overcast clouds
645,Kasama,ZM,-10.2129,31.1808,62.02,97,100,4.61,light rain
646,Cap Malheureux,MU,-19.9842,57.6142,81.09,84,100,10.0,overcast clouds
647,Tsiroanomandidy,MG,-18.7667,46.0333,67.39,93,93,2.89,overcast clouds
648,Nizhniy Kuranakh,RU,58.8353,125.4869,-6.52,91,100,5.66,overcast clouds
649,Athabasca,CA,54.7169,-113.2854,-11.38,91,100,4.81,overcast clouds
650,Cozumel,MX,20.5083,-86.9458,78.78,83,20,1.99,few clouds
651,Palmerston,AU,-12.486,130.9833,80.58,90,75,5.75,light rain
652,Pishin,PK,30.5803,66.9961,35.56,55,0,1.16,clear sky
653,Tigil,RU,57.8,158.6667,15.35,88,75,2.21,broken clouds
654,Tondano,ID,1.3038,124.9112,75.29,75,100,3.42,overcast clouds
655,Guanica,PR,17.9716,-66.908,75.2,86,65,4.94,broken clouds
656,Gamba,GA,-2.65,10.0,73.94,89,100,2.1,overcast clouds
657,Meadville,US,41.6414,-80.1515,24.04,91,100,4.0,light snow
658,Pasni,PK,25.2631,63.471,66.04,24,0,7.49,clear sky
659,Pochutla,MX,15.7432,-96.4661,75.81,74,0,3.56,clear sky
660,Aklera,IN,24.4167,76.5667,57.54,50,0,1.5,clear sky
661,Mkuranga,TZ,-7.118,39.2078,74.48,94,100,3.69,overcast clouds
662,Acapulco,MX,16.8634,-99.8901,78.62,73,0,6.91,clear sky
663,Bilibino,RU,68.0546,166.4372,-4.25,69,0,3.67,clear sky
664,Birao,CF,10.2849,22.7882,67.53,23,14,3.04,few clouds
665,Sistranda,NO,63.7256,8.834,34.9,93,100,23.13,light snow
666,Saint-Ambroise,CA,48.5501,-71.3324,3.58,88,100,4.23,overcast clouds
667,Excelsior Springs,US,39.3392,-94.2261,16.7,51,0,4.61,clear sky
668,Daru,PG,-9.0763,143.2092,89.17,58,100,8.14,overcast clouds
669,Yerbogachen,RU,61.2767,108.0108,7.57,95,100,4.27,overcast clouds
670,Iztapa,GT,13.9333,-90.7075,76.19,77,4,4.21,clear sky
671,Zhuhai,CN,22.2769,113.5678,60.98,71,40,21.85,scattered clouds
672,Kunya,NG,12.2233,8.5325,55.56,38,0,8.05,clear sky
673,Sederot,IL,31.525,34.5969,53.91,64,5,15.86,clear sky
674,Sudak,UA,44.85,34.9667,33.98,78,100,12.86,overcast clouds
675,Sivagiri,IN,9.3333,77.4333,76.87,70,7,0.94,clear sky
676,Aklavik,CA,68.2191,-135.0107,-24.88,99,15,7.52,few clouds
677,Coachella,US,33.6803,-116.1739,60.24,21,0,1.01,clear sky
678,Labuhan,ID,-6.8844,112.2051,83.82,72,86,5.3,light rain
679,Bayir,TR,37.2687,28.2167,41.52,93,66,9.19,broken clouds
680,Valparaiso,CL,-33.0393,-71.6273,63.52,88,0,4.61,clear sky
681,Maarianhamina,AX,60.0973,19.9348,33.66,86,100,18.41,overcast clouds
682,Viransehir,TR,37.2353,39.7631,39.97,88,89,8.95,overcast clouds
683,Polunochnoye,RU,60.8697,60.4153,-0.24,99,96,3.4,overcast clouds
684,Rawson,AR,-43.3002,-65.1023,68.09,61,100,8.01,light rain
685,Dicabisagan,PH,17.0818,122.4157,78.21,76,90,6.08,overcast clouds
686,Hay River,CA,60.8156,-115.7999,-25.64,75,20,5.75,few clouds
687,Trumbull,US,41.3167,-80.7665,25.36,87,100,1.01,snow
688,Port Augusta,AU,-32.5,137.7667,83.71,29,0,11.18,clear sky
689,Buala,SB,-8.145,159.5921,77.31,89,100,5.61,light rain
690,Zeya,RU,53.75,127.2667,1.08,54,51,3.94,broken clouds
691,Sinjar,IQ,36.3209,41.8754,44.15,67,29,14.72,scattered clouds
692,Beirut,LB,33.8889,35.4944,49.37,71,99,16.53,overcast clouds
693,Deogarh,IN,21.5333,84.7333,65.21,95,99,3.29,overcast clouds
694,Baglung,NP,28.2719,83.5898,47.43,96,100,1.63,overcast clouds
695,Boshnyakovo,RU,49.6333,142.1667,8.73,88,100,11.72,overcast clouds
696,Zonguldak,TR,41.25,31.8333,31.48,99,100,3.18,light snow
697,Sur,OM,22.5667,59.5289,67.5,48,0,2.93,clear sky
698,Magalia,US,39.8121,-121.5783,50.68,69,8,8.43,clear sky
699,San Andres,CO,12.5847,-81.7006,80.62,74,20,9.22,few clouds
700,Linxia,CN,35.6003,103.2064,20.26,70,80,1.5,broken clouds
701,Lima,PE,-12.0432,-77.0282,70.9,80,0,11.5,clear sky
702,Agadez,NE,19.75,10.25,48.6,33,0,10.2,clear sky
703,Darhan,MN,49.4867,105.9228,-2.52,89,22,3.96,few clouds
704,Chokwe,MZ,-24.5333,32.9833,75.31,78,0,5.06,clear sky
705,Sao Jose Do Egito,BR,-7.4789,-37.2744,72.25,74,100,9.08,overcast clouds
706,Laki,BG,41.85,24.8167,23.16,89,36,4.88,scattered clouds
707,Nogliki,RU,51.8333,143.1667,6.96,92,100,19.93,light snow
708,Yairipok,IN,24.6667,94.0667,61.38,56,30,1.45,scattered clouds
709,Jaicos,BR,-7.3592,-41.1378,79.43,54,99,4.52,overcast clouds
710,Flin Flon,CA,54.7682,-101.865,-18.33,97,31,5.57,scattered clouds
711,Balangbalang,PH,9.0569,125.6228,74.1,97,100,3.76,heavy intensity rain
